<?xml version="1.0" encoding="UTF-8" ?>
<!DOCTYPE configuration
  PUBLIC "-//mybatis.org//DTD Config 3.0//EN"
  "https://mybatis.org/dtd/mybatis-3-config.dtd">
<configuration>

    <!-- mybatis 환경 설정 파일 -->
    <!-- db.properties 파일 연결 -->
    <properties resource="com/smhrd/mybatis/db.properties"></properties>
    
    <!-- TypeAlias 설정 -->
    <typeAliases>
        <typeAlias type="com.smhrd.model.MemberDTO" alias="MemberDTO"/>
        <typeAlias type="com.smhrd.model.FarmhouseDTO" alias="FarmhouseDTO"/>
        <typeAlias type="com.smhrd.model.ProductDTO" alias="ProductDTO"/>
        <typeAlias type="com.smhrd.model.CertificationDTO" alias="CertificationDTO"/>
    </typeAliases>
    
    <environments default="development">
        <environment id="development">
            <transactionManager type="JDBC" />
            <dataSource type="POOLED">
                <property name="driver" value="${driver}" />
                <property name="url" value="${url}" />
                <property name="username" value="${username}" />
                <property name="password" value="${password}" />
            </dataSource>
        </environment>
    </environments>
    
    <mappers>
        <mapper resource="com/smhrd/mapper/MemberMapper.xml" />
        <mapper resource="com/smhrd/mapper/FarmhouseMapper.xml" />
        <mapper resource="com/smhrd/mapper/ProductMapper.xml" />
        <mapper resource="com/smhrd/mapper/CertificationMapper.xml"/> <!-- 경로 수정 -->
    </mappers>
</configuration>
